filename,width,height,class,xmin,ymin,xmax,ymax
55_jpg.rf.015a4a62cd0e8862f9f99013808847b0.jpg,224,224,army worm,9,42,216,195
82_jpg.rf.0057ed282af4c2b845d67af6a16c8b70.jpg,224,224,yellow rice borer,4,5,75,216
79_jpg.rf.01234262c5f9c6be7459a971cd654680.jpg,224,224,rice water weevil,49,10,151,114
91_jpg.rf.01f592b6e4e43ee1a7432daf65ffbbc4.jpg,224,224,wheat phloeothrips,0,0,223,222
31_jpg.rf.02d1de51c02314fabd353700959ee0e0.jpg,224,224,rice gall midge,108,1,222,223
208_jpg.rf.02ce4de64a47f04adb6a8b0a158008ac.jpg,224,224,legume blister beetle,68,51,151,179
53_jpg.rf.0243782b23d232e6dabce6b7d9fa6d5d.jpg,224,224,white backed plant hopper,59,55,151,159
29_jpg.rf.019ac43d05028a0e14150411ca8305f3.jpg,224,224,white backed plant hopper,62,54,160,176
172_jpg.rf.02e7d0278808f7b9f3e88fa8d034a063.jpg,224,224,rice water weevil,23,10,205,207
62_jpg.rf.04dcdb7b15ab4b47bbf63e9269868097.jpg,224,224,white backed plant hopper,76,8,140,154
85_jpg.rf.0313f55abec9cfafc88a9b0c57847d5c.jpg,224,224,rice gall midge,51,40,187,155
26_jpg.rf.03109d2fd1edfc8a92848245fb9d4f9e.jpg,224,224,rice leaf roller,16,36,172,212
25_jpg.rf.01e90d77fa048b39d2ad7bd843fa80f9.jpg,224,224,wheat phloeothrips,59,65,157,188
169_jpg.rf.03b66abb3a8a02fa3d247ed199f4e76e.jpg,224,224,white backed plant hopper,81,42,146,194
130_jpg.rf.05136fb25a05413c60bd8a370f47319d.jpg,224,224,white backed plant hopper,49,18,185,221
50_jpg.rf.03be16066711d8092a99c8e4d3cc00fa.jpg,224,224,white backed plant hopper,63,0,189,213
51_jpg.rf.07a7a25e2a9e9142bd50c851c35107e1.jpg,224,224,rice gall midge,57,31,118,212
204_jpg.rf.05aa443d27db453dacd140d5c0e2ee7e.jpg,224,224,legume blister beetle,77,90,176,164
84_jpg.rf.083d4c5e791ba6d8ffa88d4bbe86aad0.jpg,224,224,army worm,39,80,184,147
3_jpg.rf.06ac7e1f2ca47f374664deee0354ea0f.jpg,224,224,rice gall midge,35,6,198,171
79_jpg.rf.07bb8fed176db89180f5e4061105ed7e.jpg,224,224,rice gall midge,56,59,139,220
140_jpg.rf.08f32bf9d3ec3aa86f01209dd6e629df.jpg,224,224,rice gall midge,98,4,220,218
158_jpg.rf.096dada0c311df4c4cea5424046a27c6.jpg,224,224,army worm,33,28,198,194
294_jpg.rf.094fc0ededb02ad08fde6bef16019a31.jpg,224,224,legume blister beetle,47,22,187,150
86_jpg.rf.0899875931afbc26284b6033abcf0a57.jpg,224,224,yellow rice borer,55,11,189,223
41_jpg.rf.095489922584f08fa54579bf6701cba2.jpg,224,224,army worm,13,30,218,199
302_jpg.rf.0a9a9dd27781dceb821e122400c94049.jpg,224,224,legume blister beetle,15,17,171,149
91_jpg.rf.0cb7d21b371cb0aea14bc7e2630b201c.jpg,224,224,yellow rice borer,72,48,147,177
77_jpg.rf.0be971cba9a0c0ded9fe123f0804fb69.jpg,224,224,yellow rice borer,118,16,210,202
72_jpg.rf.0c0e63c55e8d2a7f651aa48502450689.jpg,224,224,wheat phloeothrips,3,17,221,159
43_jpg.rf.0d5aba2623895375e7d66f5fcd446a18.jpg,224,224,yellow rice borer,4,61,199,171
115_jpg.rf.0deecdac28bead622dd002c3c795ac83.jpg,224,224,rice leaf roller,18,37,189,178
181_jpg.rf.08c61d0d002dd519c2e62e97ca04348d.jpg,224,224,red spider,79,68,131,127
40_jpg.rf.06eec7926cc6bdda095545d942e0ee77.jpg,224,224,wheat phloeothrips,36,76,168,175
16_jpg.rf.0d309550faf53d88d9df8236532f92d7.jpg,224,224,rice leaf roller,43,47,137,120
73_jpg.rf.106c681594b86448f6486e0ec0fe3398.jpg,224,224,white backed plant hopper,53,4,197,218
63_jpg.rf.1007fa3e2cc51db4a10a4ba16b11b3ec.jpg,224,224,army worm,28,53,197,148
286_jpg.rf.0e0696e9fd793002c37ce6269989ca77.jpg,224,224,legume blister beetle,141,56,204,161
82_jpg.rf.0f8c1b565e2f601aaf378f31a993dfe9.jpg,224,224,army worm,21,73,202,141
75_jpg.rf.10c545257eea45468571faaabcefb1e3.jpg,224,224,yellow rice borer,61,1,146,221
303_jpg.rf.0cdd61e3a70baf61519fc5df75b19baa.jpg,224,224,legume blister beetle,50,47,132,121
59479-jpg_jpg.rf.0e3fbdcc3b773cc6205c7c1a4945b271.jpg,224,224,rice leafhopper,28,16,189,206
14_jpg.rf.0fb2f08cbfa3cc2aee36ac9328b34560.jpg,224,224,rice gall midge,1,16,202,214
144_jpg.rf.11b7cbad7d5f94ff6c5f87ea89262ca5.jpg,224,224,rice water weevil,56,41,157,185
162_jpg.rf.11b08a9478ac7bd77005cb95fa4595cb.jpg,224,224,red spider,41,33,161,183
3_jpg.rf.138337207798b19705cd296c0e327628.jpg,224,224,yellow rice borer,32,28,204,202
55_jpg.rf.11a55c66e2ff1f6ec57343fa4cbaa133.jpg,224,224,yellow rice borer,32,7,164,199
44_jpg.rf.113a926953b52b175f7c7d5511609930.jpg,224,224,wheat phloeothrips,0,18,220,191
32_jpg.rf.13b745b116e4b33abb1cf6e1ec7bb6ef.jpg,224,224,rice leaf roller,70,67,142,162
32_jpg.rf.140d875a741c7f9b199163938589077c.jpg,224,224,wheat phloeothrips,65,38,180,146
38_jpg.rf.1301b5fdac374e00db6ac612d3ec2950.jpg,224,224,rice leaf roller,11,10,220,207
109_jpg.rf.10d7024c0175f67e9a22748e777f7a05.jpg,224,224,rice water weevil,44,44,171,163
95_jpg.rf.14237351210d5138ca9a64c6cb48dc50.jpg,224,224,red spider,37,67,170,163
80_jpg.rf.11a72443530305b9fe156c122fc7d3c7.jpg,224,224,rice water weevil,45,70,173,178
14_jpg.rf.13d733e685262c2f4cda99cfa22cf68b.jpg,224,224,white backed plant hopper,45,33,170,204
22_jpg.rf.122164f82ef13d1e6d84aa2aca0f949d.jpg,224,224,wheat phloeothrips,38,78,180,182
73_jpg.rf.1559c8463273c86e58697ae9bb0e358e.jpg,224,224,rice water weevil,13,5,210,177
32_jpg.rf.0dd4b3653892d3ec7c78253aef51f5f8.jpg,224,224,rice gall midge,13,13,213,194
166_jpg.rf.1544f8f0558b419e091d4cbfa132a645.jpg,224,224,legume blister beetle,74,61,135,204
46_jpg.rf.1412fd72fa5a58d3a7255435f2449a15.jpg,224,224,yellow rice borer,82,10,135,156
138_jpg.rf.11f8baa1942b35a59499f8f218f1748f.jpg,224,224,rice water weevil,42,73,165,181
59775-jpg_jpg.rf.143c4b676d6f3addfac690f96169e58f.jpg,224,224,rice leafhopper,5,25,172,191
181_jpg.rf.143d938bfd5131df4c537f5ff4b689a4.jpg,224,224,rice water weevil,61,63,155,136
48_jpg.rf.14b1fccb5b059c4de17ec4c8c2cf4bc1.jpg,224,224,wheat phloeothrips,21,18,176,93
53_jpg.rf.16c6b357fe969e26af26a189c1a6029f.jpg,224,224,rice leaf roller,80,92,156,150
144_jpg.rf.14c8c337d6c206eb31720b98098fb6e5.jpg,224,224,white backed plant hopper,2,5,221,195
208_jpg.rf.176c85288241788ec41d37e660e76671.jpg,224,224,rice water weevil,40,79,164,160
74_jpg.rf.1a2b1a1424bafb287b1bb242c3def1fb.jpg,224,224,rice gall midge,51,32,161,189
283_jpg.rf.170dfea1a006729f29c838b7d8ecb803.jpg,224,224,legume blister beetle,72,87,144,149
212_jpg.rf.16752babcf75c117872734bd5cbe80cd.jpg,224,224,legume blister beetle,18,5,164,221
59321-jpg_jpg.rf.1a40043896b3406e61bf541fba38d5ed.jpg,224,224,rice leafhopper,40,12,177,95
161_jpg.rf.160a6f663f1901a1253e86e5d1abdc74.jpg,224,224,white backed plant hopper,47,37,139,222
166_jpg.rf.19f5b80c18295f922ad41aaec0bfcba3.jpg,224,224,white backed plant hopper,87,61,135,152
191_jpg.rf.17e3bbbc982f192964602ed9b79c426b.jpg,224,224,legume blister beetle,48,66,118,170
59453-jpg_jpg.rf.1a3a360b5d931bba0aedb03099c343b9.jpg,224,224,rice leafhopper,55,65,183,203
66_jpg.rf.17e1667ada5d262aa7e61b19fc400aeb.jpg,224,224,yellow rice borer,25,62,204,137
104_jpg.rf.1add5cd34b8d3fef427a25eb6c8539d5.jpg,224,224,wheat phloeothrips,5,5,219,218
100_jpg.rf.1c6908685cd2c96913e23fc59bb9a32f.jpg,224,224,rice water weevil,33,23,156,179
68_jpg.rf.1d6e1c8d7c3db8b439032f42d4b6d4d9.jpg,224,224,yellow rice borer,66,0,140,217
106_jpg.rf.1d9b19870b2b8d845361da85da83ef67.jpg,224,224,rice water weevil,51,33,195,146
21_jpg.rf.1e816b2d9d15499efb338e6441de62d9.jpg,224,224,yellow rice borer,45,83,175,147
6_jpg.rf.1f775fe0951340e6e4ce52ae99de5f9f.jpg,224,224,white backed plant hopper,59,38,166,177
34_jpg.rf.173637e24c7e277b275e1e3f5ed37942.jpg,224,224,rice gall midge,6,32,94,196
106_jpg.rf.20496a61400603c9da5c2381273deab7.jpg,224,224,rice leaf roller,20,4,217,189
93_jpg.rf.201fcb2a9a9f561cc2f967e1ee577b23.jpg,224,224,rice gall midge,47,32,214,202
27_jpg.rf.1accf7698643cf6df2e7ebe857b204e0.jpg,224,224,wheat phloeothrips,0,16,221,217
177_jpg.rf.1da045d36611a0912f4c174ee5b69478.jpg,224,224,rice water weevil,43,29,195,190
56_jpg.rf.1fc00027e0df0f5c90cfa9afdfd78e02.jpg,224,224,wheat phloeothrips,59,10,159,202
49_jpg.rf.1dc3475e6dd1b93e5781c85b479d1539.jpg,224,224,rice leaf roller,28,36,197,160
59409-jpg_jpg.rf.1facbeed5968c67f8a8330a2e08e2436.jpg,224,224,rice leafhopper,34,17,186,212
42_jpg.rf.20b29eaa72639e98979701acb052dbb1.jpg,224,224,white backed plant hopper,37,13,193,206
98_jpg.rf.21a9e31420c63dd241a42fb800460e85.jpg,224,224,red spider,60,44,139,145
40_jpg.rf.2110d2a2651164eff04849b022b3d415.jpg,224,224,yellow rice borer,54,0,135,217
46_jpg.rf.20bb449f43b63d587aeebcea67de2734.jpg,224,224,rice gall midge,13,30,181,194
152_jpg.rf.22abce035fe4ba3f75fd24fd4fdd2b1f.jpg,224,224,rice gall midge,62,70,137,222
10_jpg.rf.2051175dc59e0b4dfbe7640896eec762.jpg,224,224,white backed plant hopper,109,86,210,150
95_jpg.rf.22b8e4e5f6a61810a90aefc7f9d58714.jpg,224,224,army worm,58,0,162,221
36_jpg.rf.21817d0728f744316da985a770b86455.jpg,224,224,army worm,0,84,223,140
88_jpg.rf.237b146c3b2ae71e7b4f7dcfd3d10553.jpg,224,224,army worm,29,35,223,144
86_jpg.rf.23033ff5eee0549cd05e87c2a48d8c95.jpg,224,224,rice water weevil,92,66,148,166
159_jpg.rf.2276b444d5180f34b554ed3da9083006.jpg,224,224,army worm,29,37,194,195
60_jpg.rf.246eca83b25c675c16914e43daca5367.jpg,224,224,army worm,35,18,199,209
54_jpg.rf.23a818c0bb1689f771876148d344ce15.jpg,224,224,yellow rice borer,61,16,166,207
29_jpg.rf.274ab959ea7b732783b8022d941ff15a.jpg,224,224,rice leaf roller,4,47,223,191
167_jpg.rf.269459843c4eb44084ebdb521cf613e6.jpg,224,224,legume blister beetle,21,59,166,192
17_jpg.rf.240510cbb5addb593584c509251c2caa.jpg,224,224,rice water weevil,14,18,190,199
77_jpg.rf.274ec58eb4e702aee34662b7c0dfed1a.jpg,224,224,rice water weevil,12,49,200,173
9_jpg.rf.26c5899316b3989d2075c13cbbf6d345.jpg,224,224,white backed plant hopper,88,79,211,168
9_jpg.rf.26c5899316b3989d2075c13cbbf6d345.jpg,224,224,white backed plant hopper,3,58,112,183
111_jpg.rf.27142e8c3b7aa309bc14f5b5550ac54d.jpg,224,224,white backed plant hopper,33,55,190,156
35_jpg.rf.26d73238a853f3dc6db46d1749abf9c1.jpg,224,224,wheat phloeothrips,3,81,221,202
4_jpg.rf.2831c692175c8ab6b2a8ef96d65dbbb9.jpg,224,224,yellow rice borer,49,11,128,222
4_jpg.rf.22e5a69d22381ffad48dc46a979fd185.jpg,224,224,rice leaf roller,78,97,158,166
14_jpg.rf.289c7c6cde2bef8e8b9992b5c5ca4bed.jpg,224,224,yellow rice borer,80,11,143,195
122_jpg.rf.28c0893cc77cc9d1f194024e91e8dd7d.jpg,224,224,white backed plant hopper,32,13,186,217
59377-jpg_jpg.rf.242c1c3f43271e7c8b789e0b881c1e53.jpg,224,224,rice leafhopper,89,68,214,156
69_jpg.rf.28dd0fcf685998a6cb1ed7e821a923b2.jpg,224,224,army worm,63,79,167,132
39_jpg.rf.2a7183be6b0d1f7818a9282a985b087f.jpg,224,224,white backed plant hopper,51,0,152,196
47_jpg.rf.29e24a1df80983606e1ecd7ab77f4f1e.jpg,224,224,white backed plant hopper,86,30,167,223
59552-jpg_jpg.rf.2ad3b6099834b8d5ad0b0b0287088ed5.jpg,224,224,rice leafhopper,7,38,198,165
84_jpg.rf.2a0e77266b216fb005957561462c98a1.jpg,224,224,rice gall midge,30,39,106,186
170_jpg.rf.2ae38eb2fa17a4c5348eff514fc1ba59.jpg,224,224,rice water weevil,30,10,177,205
61_jpg.rf.2b07324d5b16e1fe3b7817e895d15128.jpg,224,224,white backed plant hopper,36,45,187,178
59799-jpg_jpg.rf.246d8be56fec9248543224f3fe18c362.jpg,224,224,rice leafhopper,96,42,217,125
162_jpg.rf.2575d1c3d7db9e0713c845cc523dc84b.jpg,224,224,army worm,16,23,209,202
156_jpg.rf.2c87f5c247a7fd2cf04ef59c8a8af1cd.jpg,224,224,rice gall midge,51,28,101,178
59850-jpg_jpg.rf.2b1e68c4704af7002ecf2e2c286abaaf.jpg,224,224,rice leafhopper,80,45,196,189
89_jpg.rf.2c9d77c75201ecb6c87983ad378bd624.jpg,224,224,wheat phloeothrips,9,70,215,168
85_jpg.rf.2c27249337366ae575c693d68b56c56c.jpg,224,224,wheat phloeothrips,14,9,200,221
72_jpg.rf.2db733536f0e78645eae2570a6ffd44e.jpg,224,224,rice water weevil,47,16,169,212
125_jpg.rf.25f46bf6f918c5740ef3bce4be4c6c64.jpg,224,224,rice gall midge,52,33,162,159
1_jpg.rf.2d918a832df1017b0a418d505de1c7f3.jpg,224,224,yellow rice borer,51,0,187,206
44_jpg.rf.2ed5ccc662f3d7cae016075af33d85c5.jpg,224,224,white backed plant hopper,39,6,178,214
290_jpg.rf.2fbb01d8c4a8c85a61339304798c175f.jpg,224,224,legume blister beetle,20,10,191,202
70_jpg.rf.2f06cf52fac95bf11daf9ea0f755ea58.jpg,224,224,white backed plant hopper,40,56,190,163
136_jpg.rf.2bc42b3ecb102ba88c25531e6e9f69fa.jpg,224,224,red spider,1,41,81,147
123_jpg.rf.2ff13a7d432b0e06538e17c04b4283d5.jpg,224,224,white backed plant hopper,82,73,148,182
188_jpg.rf.2dc6b2bfbd5db8a19b7bc10992bd95e3.jpg,224,224,rice water weevil,61,39,152,175
59795-jpg_jpg.rf.2dc6b6bcafd95ab45d4d96305771ae92.jpg,224,224,rice leafhopper,82,105,169,186
107_jpg.rf.2d8436e7a8d42df98ff14a3bec5a8f64.jpg,224,224,rice leaf roller,7,7,212,207
35_jpg.rf.2f6c25431e7d94f2953f31734d7ec6ad.jpg,224,224,army worm,80,0,203,218
59336-jpg_jpg.rf.2fd86c6c8215b383c146ff95fb4efb58.jpg,224,224,rice leafhopper,85,38,159,129
59889-jpg_jpg.rf.30a4bf2870981577483618f2d6423f65.jpg,224,224,rice leafhopper,95,34,159,183
59872-jpg_jpg.rf.2d7bb53d40fae03580b6f8bf26230851.jpg,224,224,rice leafhopper,65,57,187,155
80_jpg.rf.2e85c1a7da8b611685fb1c1ddba0c941.jpg,224,224,yellow rice borer,63,14,150,117
205_jpg.rf.30a9beba55d36580259c27f50e153bdf.jpg,224,224,rice water weevil,44,56,161,154
173_jpg.rf.30d50628e55db20645fe9d3b2985eca5.jpg,224,224,red spider,70,86,137,161
125_jpg.rf.30e6a0c0fdb720cfb846a9ed06d38a09.jpg,224,224,white backed plant hopper,74,12,197,200
41_jpg.rf.3132088b551afd33e94b9a6327b46a71.jpg,224,224,yellow rice borer,61,32,147,221
64_jpg.rf.3013617b98783cf41b7d95f5958c81f2.jpg,224,224,rice gall midge,45,13,181,194
59622-jpg_jpg.rf.312d7de398b30f62ad1dbf7ea7bc9333.jpg,224,224,rice leafhopper,59,18,173,223
118_jpg.rf.33f3543dc18f61284c8c547271b971ee.jpg,224,224,rice gall midge,91,43,151,192
48_jpg.rf.343afaa10fac0ce192d82bc237560b7d.jpg,224,224,yellow rice borer,50,3,179,218
135_jpg.rf.343c0d9db6b5760008f26cd22a9686a1.jpg,224,224,red spider,21,33,203,192
45_jpg.rf.353c0fa30afa6db870959deaa6cf7dea.jpg,224,224,rice leaf roller,87,57,194,173
139_jpg.rf.361b0984c39459ea357f7617448c818c.jpg,224,224,white backed plant hopper,35,57,114,137
59302-jpg_jpg.rf.362d25176566cb6e7d5db789b41f5d68.jpg,224,224,rice leafhopper,88,53,164,153
161_jpg.rf.365c7bac961a618dcff928bc8fcd58c7.jpg,224,224,red spider,75,85,140,158
169_jpg.rf.3664b7cc7c99d2661f3c8b8a313e99f6.jpg,224,224,rice water weevil,11,8,201,199
38_jpg.rf.36b71f264477089c66234972d0615980.jpg,224,224,wheat phloeothrips,40,52,137,164
153_jpg.rf.36bc15f709e70dfc9f1d49d1b5fec82b.jpg,224,224,rice gall midge,37,60,127,186
61_jpg.rf.36cc9c8ac0cef737aca4bd1f7fc68d3a.jpg,224,224,rice leaf roller,15,32,205,185
31_jpg.rf.3741efd5f06f183093cc8e56cb427d16.jpg,224,224,wheat phloeothrips,31,71,184,209
77_jpg.rf.374fe119b981d8bb49d45de5d6d069f7.jpg,224,224,army worm,27,63,178,174
3_jpg.rf.380fdc955f462132df0c845fcbc80f55.jpg,224,224,rice leaf roller,50,66,175,209
39_jpg.rf.385d635aee9d2537b4ef0794f8d7e75b.jpg,224,224,army worm,28,56,193,159
9_jpg.rf.38676d1695318a5393ad718d0c28aa67.jpg,224,224,wheat phloeothrips,25,1,189,221
129_jpg.rf.38994a65451ff7e73411c6bb5a2810da.jpg,224,224,rice gall midge,35,51,96,197
41_jpg.rf.390bd87d5a4b55c9e9e4452f6d34a4c1.jpg,224,224,rice gall midge,79,55,145,187
314_jpg.rf.3a51745296e28f57c23694eb00858cf5.jpg,224,224,legume blister beetle,43,75,180,162
33_jpg.rf.39b05bc9c33e1889f12d351ca3b4b65e.jpg,224,224,yellow rice borer,17,81,204,176
140_jpg.rf.3a9e2c83e580b3e6972fac0aaff34f8e.jpg,224,224,white backed plant hopper,106,2,215,222
59568-jpg_jpg.rf.3b1c89401f801ea0f3dfd0cef1294cee.jpg,224,224,rice leafhopper,27,27,223,213
326_jpg.rf.3b2085a725755592767005af2fda6085.jpg,224,224,legume blister beetle,87,43,133,180
83_jpg.rf.3a53aff4ccdab71468dc78c8c12af132.jpg,224,224,yellow rice borer,73,17,115,149
2_jpg.rf.3b54183c89907a1f3e1d1daf56dc16e5.jpg,224,224,wheat phloeothrips,34,25,142,131
99_jpg.rf.3bf782f842750ac781704fd9b3ad8858.jpg,224,224,rice water weevil,30,25,207,159
183_jpg.rf.3ceed88ce735232f0060554af5cd0136.jpg,224,224,rice water weevil,54,76,171,139
147_jpg.rf.3f112c2da3d754342f16946b6c9d80e2.jpg,224,224,army worm,55,40,162,84
79_jpg.rf.3f725490ccec4f4ca9eda8ff8a5763df.jpg,224,224,army worm,7,51,219,161
89_jpg.rf.3e308b76698d64452e5c47ffb6d6abea.jpg,224,224,rice gall midge,24,3,169,205
90_jpg.rf.3dee527662b915d5db94d6e82c7d4463.jpg,224,224,army worm,48,59,137,223
59_jpg.rf.3cef9c4a312210482df1e8b32932e60b.jpg,224,224,army worm,18,64,201,167
82_jpg.rf.400f54d2d5698aeddbf4c9f5bfaf5fe7.jpg,224,224,rice leaf roller,50,32,204,128
95_jpg.rf.40281dda108ea6dc30f0c15ba51d8510.jpg,224,224,rice leaf roller,25,28,196,157
175_jpg.rf.42996b56618dfa5506a144d9c30abda8.jpg,224,224,red spider,59,49,160,199
291_jpg.rf.40c9238628f129640004538f284d1062.jpg,224,224,legume blister beetle,46,48,186,169
204_jpg.rf.3d288fa9624fac1bab6c19403ece7105.jpg,224,224,rice water weevil,31,17,201,189
90_jpg.rf.40d318069b9c802c5f5e7b3838b717ba.jpg,224,224,yellow rice borer,66,4,154,222
27_jpg.rf.422d916271ddb114474c64f56d86c5a5.jpg,224,224,rice gall midge,44,70,131,178
109_jpg.rf.4215161fd9b867378c78c9b7e619b60a.jpg,224,224,red spider,68,79,152,175
131_jpg.rf.42be1b7a40682549660da0e0e7f007cf.jpg,224,224,army worm,13,62,218,183
155_jpg.rf.4066cb09dda3a8d70b405efc7bd09dc8.jpg,224,224,rice gall midge,49,17,164,189
59847-jpg_jpg.rf.43cc0b4f9739c67b5da0e27e7ea064b5.jpg,224,224,rice leafhopper,28,22,210,158
71_jpg.rf.424a478eeb8e702a1fa7f364532b6cab.jpg,224,224,red spider,32,18,180,192
184_jpg.rf.43b9f0a00ad7682747d5e071be31a8d4.jpg,224,224,red spider,42,35,186,156
36_jpg.rf.444082bd8e6beadb89aaecf9febb489e.jpg,224,224,white backed plant hopper,44,40,223,202
136_jpg.rf.405f1254556d895939f2fdef56e660b5.jpg,224,224,army worm,54,93,134,188
79_jpg.rf.444b8fa82cba3e53383d5524c2d16eda.jpg,224,224,wheat phloeothrips,28,83,154,206
124_jpg.rf.46cc170fe2d91ead5974718eefe7e244.jpg,224,224,army worm,86,51,152,154
21_jpg.rf.45ecaaf684e36c26c4ad73941694b641.jpg,224,224,wheat phloeothrips,74,82,177,169
91_jpg.rf.4714be789f46e24fd331d26482cb5ea7.jpg,224,224,rice gall midge,88,61,154,185
138_jpg.rf.46dc63d7c894144661f91a9d353ce773.jpg,224,224,army worm,48,23,153,82
278_jpg.rf.4779e5a955e40723101a15ca9d416778.jpg,224,224,legume blister beetle,1,14,197,173
159_jpg.rf.472a953a3a09274154f9386baf058a4d.jpg,224,224,white backed plant hopper,39,77,164,214
59618-jpg_jpg.rf.44a2ceb5d04088d4d080d3f2857f6c5a.jpg,224,224,rice leafhopper,45,50,193,184
59224-jpg_jpg.rf.48b91bc6ef949bb3ab895b411f34592d.jpg,224,224,rice leafhopper,32,19,215,184
54_jpg.rf.47394a28375c2f79114614663122d663.jpg,224,224,wheat phloeothrips,48,31,142,168
330_jpg.rf.48b29ab45dd816dd3f4238335ee8d836.jpg,224,224,legume blister beetle,52,40,176,179
58_jpg.rf.47b2a53a4976cd8d5e983c5060db64c9.jpg,224,224,yellow rice borer,62,50,134,166
24_jpg.rf.47cf79a64484d7fc7c9b159aae882e2f.jpg,224,224,white backed plant hopper,18,16,176,219
130_jpg.rf.4904d5006927e47e30c0bfef517da2fb.jpg,224,224,army worm,37,67,176,126
71_jpg.rf.49541b4d5876a89992141bc4c436fc94.jpg,224,224,rice leaf roller,3,69,223,168
194_jpg.rf.4bf1064dc5a2cbe02b48540d30dfdd12.jpg,224,224,legume blister beetle,83,60,152,215
50_jpg.rf.4ba6d7363d7e36056c6099d78784e3df.jpg,224,224,rice water weevil,5,40,210,192
57_jpg.rf.4b5f9d8cc8c5d802e75864496995cf5b.jpg,224,224,army worm,24,63,180,143
59369-jpg_jpg.rf.4caa3d7e6651ecf3346a3e828eacf95e.jpg,224,224,rice leafhopper,53,4,173,222
38_jpg.rf.4cc28ac9abf63471c3b74fa347ff6a17.jpg,224,224,yellow rice borer,54,16,156,217
102_jpg.rf.4a0612d89e5b6643356c6de21011f23b.jpg,224,224,rice leaf roller,21,35,213,169
163_jpg.rf.4cbe457f3326218287bcc0988dfa39f6.jpg,224,224,rice gall midge,40,32,162,166
45_jpg.rf.4cb98c7f94d8fdcd21301d1766026703.jpg,224,224,yellow rice borer,58,79,162,185
54_jpg.rf.4d43aff1f480160153633d4940c39307.jpg,224,224,white backed plant hopper,40,27,180,175
133_jpg.rf.4ea8d7b8aa0df10ecd814ba498708957.jpg,224,224,rice gall midge,49,0,174,191
18_jpg.rf.4cea16e95d153e255a6d6c2642fbb250.jpg,224,224,wheat phloeothrips,52,70,154,149
93_jpg.rf.4c5bf09954c17be7808a36762eaa26ba.jpg,224,224,rice leaf roller,96,40,217,190
22_jpg.rf.4de8693eb550c5d56c04f34e4dfc0453.jpg,224,224,rice gall midge,1,13,211,190
124_jpg.rf.4ef446cc0b4b01d953664f460b1212f9.jpg,224,224,white backed plant hopper,37,40,190,213
271_jpg.rf.4d914cef035aa994e7753f86f30cadb1.jpg,224,224,legume blister beetle,12,56,148,185
88_jpg.rf.510491f93b71906b623a5e0c37ccb519.jpg,224,224,red spider,61,55,147,175
52_jpg.rf.511c346a3f2e11f5da8d1c8213b131b3.jpg,224,224,rice gall midge,87,30,218,217
5_jpg.rf.4fa3399c829a0ae8e0106e9c7e2d000d.jpg,224,224,red spider,53,23,210,144
59433-jpg_jpg.rf.50370dc40a46c89acaf7414f27325743.jpg,224,224,rice leafhopper,34,13,218,200
59266-jpg_jpg.rf.48cb75d28b8c114fda2a3f26bdc92100.jpg,224,224,rice leafhopper,34,30,106,100
59266-jpg_jpg.rf.48cb75d28b8c114fda2a3f26bdc92100.jpg,224,224,rice leafhopper,111,49,198,124
59266-jpg_jpg.rf.48cb75d28b8c114fda2a3f26bdc92100.jpg,224,224,rice leafhopper,78,118,167,201
164_jpg.rf.4ecc9b9fd2c6bc2086be1abad2e03b58.jpg,224,224,army worm,45,56,220,139
118_jpg.rf.50284e69b08ce9e25cf44663aba67324.jpg,224,224,red spider,37,6,138,218
59251-jpg_jpg.rf.507c48370dbf22a148cb978c6ec189d7.jpg,224,224,rice leafhopper,88,17,193,114
59251-jpg_jpg.rf.507c48370dbf22a148cb978c6ec189d7.jpg,224,224,rice leafhopper,22,116,108,186
110_jpg.rf.506eb65293892b742318d86bd036cfe4.jpg,224,224,white backed plant hopper,88,78,192,152
96_jpg.rf.4e7c09c8c31d948d5f8f2cdd173a6eef.jpg,224,224,army worm,19,65,194,154
31_jpg.rf.51d6b289f33e3a786557152f8aa9e764.jpg,224,224,yellow rice borer,1,38,217,203
22_jpg.rf.51fc77aa0382de6fae05a8571f1cc71e.jpg,224,224,yellow rice borer,94,55,125,187
206_jpg.rf.5202d55b24fd47e9ee5a4d4d964b363f.jpg,224,224,red spider,20,15,197,186
21_jpg.rf.4f2d2dd92d67eba7e95a09076a3067d6.jpg,224,224,red spider,64,43,148,167
45_jpg.rf.5226637bd542a883e0dc884be523820b.jpg,224,224,rice water weevil,143,58,172,130
48_jpg.rf.57043c2561ed0a8ad7574d95cf327b0a.jpg,224,224,rice water weevil,42,50,157,182
320_jpg.rf.516c5ec54d8f7f079d81aba33594697b.jpg,224,224,legume blister beetle,30,41,99,128
59882-jpg_jpg.rf.5234b356567f363444f5733457e73818.jpg,224,224,rice leafhopper,15,72,174,173
30_jpg.rf.527baaff6cc3ce6acbea77c7ae64c9bd.jpg,224,224,rice gall midge,59,28,106,203
27_jpg.rf.5197b31a2b97b4bceb7d8ed900f289b9.jpg,224,224,yellow rice borer,31,32,190,178
103_jpg.rf.52780fe99c59d998cee87d53837ed799.jpg,224,224,rice gall midge,62,27,223,190
74_jpg.rf.5237c9f0d4b55b3175c7908634b7a33f.jpg,224,224,rice water weevil,32,13,205,213
59391-jpg_jpg.rf.543afc3df96a5e0849c943af9fa519bc.jpg,224,224,rice leafhopper,41,62,197,187
49_jpg.rf.56134a5174c4943540ec1de3117da73a.jpg,224,224,yellow rice borer,50,2,159,198
213_jpg.rf.528f5be3f0b5e4a2804aa132200286bb.jpg,224,224,legume blister beetle,20,56,172,152
60_jpg.rf.57f16174b7f234f87ee37c41d89c3ce7.jpg,224,224,wheat phloeothrips,81,13,187,154
88_jpg.rf.5822c29f3ff0fae55c3a3856c72d40ad.jpg,224,224,rice leaf roller,7,41,205,223
168_jpg.rf.592def09a55ff9c483a210bcc3c3ab62.jpg,224,224,rice water weevil,52,9,192,213
143_jpg.rf.51bb9fdfea6cb868d6740e57ef38f321.jpg,224,224,red spider,68,84,144,145
104_jpg.rf.57e19509e0931f5efa96365d77873465.jpg,224,224,white backed plant hopper,44,36,206,194
65_jpg.rf.5663466ce9dfd42cd108dd036618a9ef.jpg,224,224,yellow rice borer,10,72,208,146
107_jpg.rf.571d1cd6bc436c68e78eaacd83f0bde3.jpg,224,224,rice water weevil,87,51,144,130
82_jpg.rf.5a039575ff0fa03aec55347a04f406c5.jpg,224,224,red spider,99,81,141,138
81_jpg.rf.59e0bce7d23d2bb730e0a02c74961ca1.jpg,224,224,rice gall midge,66,21,166,214
195_jpg.rf.594609f4a29280c4f6268c7d4128195c.jpg,224,224,red spider,54,30,169,197
60_jpg.rf.541b3a18382e62a8e59ade902691ceb0.jpg,224,224,yellow rice borer,17,68,213,194
106_jpg.rf.57ca9f818da232b83ba9976ef1475ce8.jpg,224,224,rice gall midge,35,58,85,184
25_jpg.rf.599ed487dcea23b1465ce3e7c1c6da02.jpg,224,224,white backed plant hopper,111,83,209,157
110_jpg.rf.5aa5058500a805e3d125660b2de4e386.jpg,224,224,rice leaf roller,15,7,221,190
167_jpg.rf.5cdfdc76f54290684fed5df7ab08cb24.jpg,224,224,white backed plant hopper,47,36,86,168
167_jpg.rf.5cdfdc76f54290684fed5df7ab08cb24.jpg,224,224,white backed plant hopper,129,33,174,184
15_jpg.rf.5229c4038daa04e0802aaa3933947db5.jpg,224,224,rice gall midge,48,31,215,185
94_jpg.rf.5ab0e641c0be2de2bcb6fdb2cefdde25.jpg,224,224,red spider,77,57,164,168
59752-jpg_jpg.rf.5e261fa01fc20f149d61929179622da6.jpg,224,224,rice leafhopper,1,74,198,209
55_jpg.rf.5dfe2eb6f2d82dea1d4b4d168a25817b.jpg,224,224,rice leaf roller,50,42,165,147
12_jpg.rf.5ac949901ab683976624b6801a786c46.jpg,224,224,rice leaf roller,19,63,185,219
1_jpg.rf.5e65a41fdf78122ca0e959f9f4677a1e.jpg,224,224,red spider,17,11,190,206
79_jpg.rf.5e410c989547f145a2a50c0e7fda80e0.jpg,224,224,white backed plant hopper,46,41,215,164
89_jpg.rf.5f1cdcc418382781d662ab15098b7bc5.jpg,224,224,rice leaf roller,7,16,120,221
51_jpg.rf.5d77acdf6da39a0f17c176f8544dae78.jpg,224,224,army worm,2,68,214,136
22_jpg.rf.5f51ace3b3ce852b48b2892e13349a5c.jpg,224,224,white backed plant hopper,18,50,151,182
63_jpg.rf.610f7ce2327f01b41c6571a14ebc427e.jpg,224,224,yellow rice borer,94,32,123,157
270_jpg.rf.60dcedcc4e0bab1c5d4da6a82531f5e4.jpg,224,224,legume blister beetle,24,67,103,162
25_jpg.rf.609a77c7e257a3ab8d3ac34c9592845a.jpg,224,224,rice leaf roller,43,29,192,186
158_jpg.rf.5e13786b2870800a1965c9718f09e8a2.jpg,224,224,rice gall midge,73,4,170,201
147_jpg.rf.60a8fbd7c1401ef37921664a4ecabea7.jpg,224,224,rice gall midge,100,18,204,215
30_jpg.rf.5f679d52685faf44c28219a1c02993b3.jpg,224,224,white backed plant hopper,71,75,135,126
67_jpg.rf.5ce353c5d930b239112f2bea8d5242d7.jpg,224,224,wheat phloeothrips,11,4,212,163
84_jpg.rf.611b0e5e571f61d09d9bfdf147c0bff4.jpg,224,224,rice leaf roller,59,43,123,129
68_jpg.rf.62769dd0428461de4e6498a714f5196e.jpg,224,224,rice leaf roller,23,16,207,206
85_jpg.rf.614be83d32eff2d51a0ba7d5ed062db4.jpg,224,224,yellow rice borer,69,1,116,155
57_jpg.rf.647790c00ad97c2c6692277e9d89cb3b.jpg,224,224,yellow rice borer,76,12,142,202
59632-jpg_jpg.rf.64925cf91d4f2bdb1ac05069672126af.jpg,224,224,rice leafhopper,46,85,198,184
34_jpg.rf.61505c6e5a89a68a7cd7c6c21d7f80ca.jpg,224,224,yellow rice borer,68,32,149,183
196_jpg.rf.64f88026befd2500d59be0432419e3ae.jpg,224,224,red spider,10,51,158,192
39_jpg.rf.62a79b92a8459e5025f8aaded9f08245.jpg,224,224,yellow rice borer,56,2,141,223
34_jpg.rf.647789bda64aa7c43bc4bcb635b0afca.jpg,224,224,army worm,12,58,200,195
59855-jpg_jpg.rf.61ba3fb5f498c8014ed9b0b51914458e.jpg,224,224,rice leafhopper,31,21,176,219
86_jpg.rf.67d13bcf047a95f4aa5ff869b771d396.jpg,224,224,wheat phloeothrips,35,0,222,196
46_jpg.rf.667052dc32255091499caf458fbeecb8.jpg,224,224,rice leaf roller,45,63,186,166
64_jpg.rf.614b7b455f8c3e4a525b2510bbdbbb70.jpg,224,224,yellow rice borer,66,38,145,190
323_jpg.rf.668783b58defdfba43f151d8ffcaef2c.jpg,224,224,legume blister beetle,50,1,183,194
90_jpg.rf.6aec2ca88d7c313ce97bbe98bceb0fb9.jpg,224,224,rice gall midge,61,80,148,154
103_jpg.rf.6a9a1f7fe5ec58649e170e44bffd7f26.jpg,224,224,rice water weevil,100,48,166,170
40_jpg.rf.6bb8355ffffb3cbae44a93c7bf54652b.jpg,224,224,rice leaf roller,10,30,195,223
134_jpg.rf.6b8d2ccf54e03a6bc430ddf541e5dd02.jpg,224,224,red spider,76,44,159,124
109_jpg.rf.6ccf404c8aeb8dd03e63dd257ba791f5.jpg,224,224,white backed plant hopper,42,59,210,184
59539-jpg_jpg.rf.6a4b22cd5340b0b85ac75a493b9f8412.jpg,224,224,rice leafhopper,0,20,212,175
46_jpg.rf.6204b6797a141c51f0ba61e2965b312e.jpg,224,224,white backed plant hopper,46,43,213,200
67_jpg.rf.67c85694eb0c28808c792b15daba1a4c.jpg,224,224,rice leaf roller,4,33,199,221
77_jpg.rf.6bfdeddcd4fe0af5ac006b976d62489f.jpg,224,224,red spider,31,61,107,160
73_jpg.rf.6f74d5b64cc35872e9d31a17a5f5dec6.jpg,224,224,wheat phloeothrips,18,101,215,212
92_jpg.rf.6dc2ffe2e3de926ffcf384a56648d7c4.jpg,224,224,rice leaf roller,51,37,205,138
59468-jpg_jpg.rf.6e1483bcd91f7fe09674130b49ba3013.jpg,224,224,rice leafhopper,15,45,195,173
59783-jpg_jpg.rf.6fa195a19f90e5bcc7dda403225a6f27.jpg,224,224,rice leafhopper,71,76,181,146
189_jpg.rf.690cc8c6fa9e698c53f69ec7d44396b1.jpg,224,224,legume blister beetle,9,75,187,161
327_jpg.rf.6db1b87ebf7f8ea9baeec3387005dba4.jpg,224,224,legume blister beetle,27,47,217,182
127_jpg.rf.6fdcfabf1550d1d7ac4004fb8ebb1940.jpg,224,224,rice gall midge,8,43,207,209
310_jpg.rf.7015f21171fe6c7994870bafb23f80dc.jpg,224,224,legume blister beetle,30,66,146,177
108_jpg.rf.70be1febb85684cbaef505721ffaa0d7.jpg,224,224,army worm,32,30,185,199
59537-jpg_jpg.rf.7128fab6b4354b9e8e2ca845478110d4.jpg,224,224,rice leafhopper,25,28,222,222
27_jpg.rf.711de1515231d34d4da6bfbb1871b6e5.jpg,224,224,white backed plant hopper,49,41,203,204
43_jpg.rf.729abe4ce804937246c803d19236710e.jpg,224,224,wheat phloeothrips,1,59,220,174
289_jpg.rf.7310e7955dec74397327e0898689d0c4.jpg,224,224,legume blister beetle,108,85,184,173
193_jpg.rf.74e8658515ce46a4b033362ff426b8fb.jpg,224,224,red spider,49,33,148,188
91_jpg.rf.732018f64add5d9b42aefbe29f6f37cb.jpg,224,224,rice leaf roller,114,54,195,163
105_jpg.rf.754c94dee261dbbe9c06c42685a4dcc1.jpg,224,224,wheat phloeothrips,62,46,161,144
19_jpg.rf.74c2c06ca5c0c4b439b62723d735a47c.jpg,224,224,yellow rice borer,8,20,204,205
59626-jpg_jpg.rf.775af8761785443ac4101462e419c4e4.jpg,224,224,rice leafhopper,70,59,178,131
73_jpg.rf.78d0f3e30d75b2de609d310e5ab7abde.jpg,224,224,yellow rice borer,70,37,148,184
88_jpg.rf.75f745dc62b4d57f9eceeae831c4cbfd.jpg,224,224,rice gall midge,40,38,137,195
59870-jpg_jpg.rf.76705c14511d03231293b25b860bc96b.jpg,224,224,rice leafhopper,47,52,143,194
59588-jpg_jpg.rf.78b39f2490442571a000b2a7cf945b69.jpg,224,224,rice leafhopper,80,71,139,129
6_jpg.rf.73bfb7003aae94086bca1bab1281a4c3.jpg,224,224,wheat phloeothrips,6,25,210,149
116_jpg.rf.75c52b08e76a175c5639c946c41021c5.jpg,224,224,white backed plant hopper,28,37,192,218
210_jpg.rf.702ece3e3d67c904cb02e164793893b6.jpg,224,224,rice water weevil,74,6,166,215
59312-jpg_jpg.rf.71ad9a4f472a29e944022554c6c704f0.jpg,224,224,rice leafhopper,70,17,162,196
160_jpg.rf.79ab3957a8dbb534a03bb6f46e4e5d9f.jpg,224,224,red spider,47,37,152,173
49_jpg.rf.797463825918bfbf17391f7599ae8e6b.jpg,224,224,white backed plant hopper,68,62,168,153
18_jpg.rf.7a326e9cc23d01f4f3f4b73308d48455.jpg,224,224,yellow rice borer,59,33,151,211
119_jpg.rf.761ce05689dc554832f54130ee863e94.jpg,224,224,red spider,42,18,193,184
180_jpg.rf.7ce139520c3ab1a6376e8a77d12fc579.jpg,224,224,red spider,56,70,192,192
10_jpg.rf.7f3dfc1581630ed332709afa1d882a42.jpg,224,224,red spider,46,44,160,165
304_jpg.rf.7e1cf4291daf7ff47efc1c65393ec2d3.jpg,224,224,legume blister beetle,80,57,201,152
139_jpg.rf.7acb3ee28e2a821ef7cdb2fa68d9aca7.jpg,224,224,rice gall midge,4,20,134,178
81_jpg.rf.7e63e8801af2705fc99f19e6dfb1cc15.jpg,224,224,rice leaf roller,51,70,195,157
322_jpg.rf.7cfd08df4349a26442375073826b7ea9.jpg,224,224,legume blister beetle,103,106,199,168
91_jpg.rf.6cb9f10336ecf8d11616f74a00325cc8.jpg,224,224,army worm,7,44,207,180
19_jpg.rf.79ae12a6da28a2644cadbb85cfc57369.jpg,224,224,rice gall midge,36,2,179,130
277_jpg.rf.75785e21448a83025e9a506c5a8f2582.jpg,224,224,legume blister beetle,101,73,156,157
59767-jpg_jpg.rf.801d1410dab26ddfe9b9292e6ceb92b7.jpg,224,224,rice leafhopper,33,28,174,167
151_jpg.rf.81766e68097761353d20ec0c4c53725e.jpg,224,224,rice gall midge,44,5,169,195
34_jpg.rf.7dc96d2920d0d3e15ad27df6f38452e7.jpg,224,224,wheat phloeothrips,1,91,222,203
111_jpg.rf.80e432826f02d1988d72c18714872ca4.jpg,224,224,rice leaf roller,53,42,167,156
29_jpg.rf.808fecf1cb175916e83da5014baed121.jpg,224,224,yellow rice borer,0,9,213,192
69_jpg.rf.819c7748ac8ba59dbe767cfe883ce62a.jpg,224,224,red spider,67,76,118,171
20_jpg.rf.8026b9fbb87495494b799638c76ca6b9.jpg,224,224,rice leaf roller,96,32,209,190
23_jpg.rf.7f96685f97a12819a5b6a50ad4230aad.jpg,224,224,rice leaf roller,13,43,194,200
115_jpg.rf.827c238f20eeaba2faa6d93c651015f3.jpg,224,224,red spider,38,47,152,206
132_jpg.rf.837b1979891d737bda81b026bb54fffc.jpg,224,224,army worm,18,33,202,189
59887-jpg_jpg.rf.7d5defbe809c4ff77f2d94c9f152b0a6.jpg,224,224,rice leafhopper,55,73,118,174
112_jpg.rf.83b0c4c32bcb1e687de0e73c357a4623.jpg,224,224,red spider,12,19,220,193
102_jpg.rf.83915a05febec198035fafda583ddd0f.jpg,224,224,wheat phloeothrips,1,81,221,202
50_jpg.rf.84357f6f3f572587638a126e8eca5a84.jpg,224,224,army worm,58,77,182,131
152_jpg.rf.83c8ca229dd739fcf1b491355ed18ea6.jpg,224,224,legume blister beetle,90,59,159,221
9_jpg.rf.8563af258a5e91796c5b0b30832c1505.jpg,224,224,rice gall midge,90,56,142,164
18_jpg.rf.80baa024858f37b099290890e68c42fa.jpg,224,224,rice leaf roller,40,63,175,162
54_jpg.rf.81ca97d50891d7bf430773255e0f4eb6.jpg,224,224,rice leaf roller,38,60,173,158
56_jpg.rf.86a82aa50569b45f41b43c05119d209f.jpg,224,224,army worm,42,31,197,197
69_jpg.rf.87ca2a4482e35863ca3e23ab94145fde.jpg,224,224,rice water weevil,4,12,218,204
176_jpg.rf.85ea2c54fb57a0eae8aac756c02cc9e9.jpg,224,224,rice water weevil,58,4,223,221
53_jpg.rf.858d9395bcf9da7892b8489527c1ee35.jpg,224,224,yellow rice borer,53,35,161,168
128_jpg.rf.880f0f4c1bb79e3576119437bec8e625.jpg,224,224,white backed plant hopper,59,47,159,128
11_jpg.rf.8480dd7184ef6f9155e666be7f32c7bd.jpg,224,224,red spider,51,15,174,179
287_jpg.rf.88a4d02e78a8277aad2cabbc5657faaf.jpg,224,224,legume blister beetle,79,66,162,144
23---Copy_jpg.rf.89843cfe45de66c4c74bac3377eb35c4.jpg,224,224,yellow rice borer,71,14,154,205
148_jpg.rf.80d2e9ab24ac0cf66e8b3e7e254f658d.jpg,224,224,rice gall midge,106,89,209,214
31_jpg.rf.871bcefb0f7dd9716ebf4f5b443704d6.jpg,224,224,white backed plant hopper,23,23,189,163
146_jpg.rf.88c27aab2949c05200c1ebbe9ac595f2.jpg,224,224,red spider,16,13,217,211
59564-jpg_jpg.rf.890625d6886fc1023d8129a5f4da0180.jpg,224,224,rice leafhopper,11,58,199,206
7_jpg.rf.88e490247c481132077bc44c28e6f4a0.jpg,224,224,wheat phloeothrips,7,29,221,222
94_jpg.rf.8a55b3a24a05ef493f3ba23adc06b1a9.jpg,224,224,army worm,60,74,199,129
321_jpg.rf.8a8ead84baac998bdbac2920941d3855.jpg,224,224,legume blister beetle,56,12,204,154
112_jpg.rf.8a6108d01062aa3c86767a0b3a4233e4.jpg,224,224,wheat phloeothrips,1,1,218,220
59583-jpg_jpg.rf.8a87607fd46af92faefe130401cec416.jpg,224,224,rice leafhopper,38,71,177,143
59407-jpg_jpg.rf.8b7f45c9691164345607d07d3dcd9961.jpg,224,224,rice leafhopper,22,53,197,170
73_jpg.rf.8cfa233ffb2f72683123208202a2a17f.jpg,224,224,red spider,20,9,213,180
174_jpg.rf.8e93ff1e0f055fbc36d339bdf8aaf95a.jpg,224,224,white backed plant hopper,42,75,144,195
189_jpg.rf.89e782b34a07b5bf882e7262308e0200.jpg,224,224,rice water weevil,11,8,193,216
84_jpg.rf.8eeb0c4abb2af4a2df51094aea01258f.jpg,224,224,wheat phloeothrips,3,86,222,211
6_jpg.rf.8c26418995bf5f7b7a19a7c903d5219b.jpg,224,224,rice leaf roller,25,80,167,168
198_jpg.rf.8bb6be06185a449dd43c6aea7e6b6a84.jpg,224,224,rice water weevil,34,46,197,170
138_jpg.rf.8e392193754a28034202235b8bbfaf56.jpg,224,224,white backed plant hopper,44,32,216,203
282_jpg.rf.92a702e213f1241eb9e8fba5e4c4f49b.jpg,224,224,legume blister beetle,84,47,155,204
122_jpg.rf.92a79a30c241286734391df05f080196.jpg,224,224,rice gall midge,57,27,154,214
39_jpg.rf.8e37757b85feef2935ba655ffdde3947.jpg,224,224,wheat phloeothrips,84,51,126,179
87_jpg.rf.8bd90dd80a902dba54afa2ebc8d7aebd.jpg,224,224,red spider,113,91,175,149
97_jpg.rf.8f8c4a93c2bf654140362015175fdbcc.jpg,224,224,army worm,27,47,182,185
22_jpg.rf.916b5bc62a22a32fae2b6360552a97d7.jpg,224,224,red spider,90,90,131,145
28_jpg.rf.90840e9d20eabe784522fdbd41ca25ea.jpg,224,224,yellow rice borer,79,19,173,202
52_jpg.rf.91832afc55c951d3622aca1e9a5c8411.jpg,224,224,wheat phloeothrips,6,0,221,221
316_jpg.rf.91735b3cf8a54db51f4be976c901e3b1.jpg,224,224,legume blister beetle,84,38,145,157
13_jpg.rf.914a2a5b52263308def0e02cc63b39e3.jpg,224,224,yellow rice borer,36,66,179,173
14_jpg.rf.92688124d2c770f73f48fe3233f82a14.jpg,224,224,red spider,52,57,104,140
88_jpg.rf.ef43f7d7f0959d1157acf0082c666820.jpg,224,224,white backed plant hopper,66,39,164,165
24_jpg.rf.ef94208c5cfad0b7005d8a9c85202dd1.jpg,224,224,yellow rice borer,128,16,223,206
94_jpg.rf.efb52c6cd87ebd00c5117dd86224099e.jpg,224,224,yellow rice borer,45,49,194,164
44_jpg.rf.f05219fb2f29e9738f16db3c433bd8ae.jpg,224,224,yellow rice borer,42,48,192,163
179_jpg.rf.f09717f5dca955bfbecb1563b8c5a24a.jpg,224,224,rice water weevil,24,32,181,182
38_jpg.rf.f14790cda442b7814aeebc05b6152f2c.jpg,224,224,white backed plant hopper,4,3,192,223
106_jpg.rf.f1edc66bf78a2a0c1803c960a543eb5c.jpg,224,224,wheat phloeothrips,14,10,213,216
148_jpg.rf.f1eea6c769b7998009ac3a678561694b.jpg,224,224,red spider,33,73,123,184
20_jpg.rf.f1f8841aff2ecf351edd53f496f980c2.jpg,224,224,yellow rice borer,39,5,183,218
186_jpg.rf.f21c4aa6e7eec884195600a46a5d7f4a.jpg,224,224,rice water weevil,10,54,222,204
34_jpg.rf.f25d9af4891817a4c3c0b4f854370e0e.jpg,224,224,white backed plant hopper,56,0,213,218
3_jpg.rf.f264fb6ce16fb033019908c8fac54ac5.jpg,224,224,wheat phloeothrips,25,1,206,221
176_jpg.rf.f2f1789bb9a16954c73f8f3dc08ab569.jpg,224,224,red spider,44,33,190,203
143_jpg.rf.f29dbfdcbbc7ff5d168ebbe2a6c7e6ff.jpg,224,224,rice gall midge,30,37,88,188
164_jpg.rf.f1664f2636174757d976e760fe7d3e85.jpg,224,224,red spider,104,65,121,88
13_jpg.rf.f39bd17b3a100845922512d8794e642f.jpg,224,224,wheat phloeothrips,57,54,171,166
3_jpg.rf.f3be43d39f048b2a05c67b7fa9dcd0d5.jpg,224,224,red spider,38,33,162,175
102_jpg.rf.f3f5abb5e7937efd88383c86e0636d1b.jpg,224,224,yellow rice borer,22,63,207,144
70_jpg.rf.f411db8ac04f4c0df47df580a144cd28.jpg,224,224,red spider,55,77,119,142
173_jpg.rf.f4824464a494a8f83427e003252184a0.jpg,224,224,rice water weevil,6,37,216,155
7_jpg.rf.f4f10aace3ac987a917dacf3c52bcddc.jpg,224,224,red spider,108,102,179,197
59542-jpg_jpg.rf.f589e62f96011b0249fd36271c2241ec.jpg,224,224,rice leafhopper,14,30,207,189
62_jpg.rf.f65c5fa201e1ffc86d3c23fb496946bc.jpg,224,224,army worm,29,18,207,190
23_jpg.rf.f4364d52c426b342926268596557fa25.jpg,224,224,wheat phloeothrips,1,91,222,202
97_jpg.rf.f74251e688fcb6640772c67742922623.jpg,224,224,rice gall midge,20,6,223,223
59927-jpg_jpg.rf.f683387c8d5cf2afed4cdb8900f7d243.jpg,224,224,rice leafhopper,73,66,157,141
59652-jpg_jpg.rf.f73f19d159a6e9d842735c24ea962ccd.jpg,224,224,rice leafhopper,95,33,222,124
126_jpg.rf.f79e7b603ebd1c677d17501d95ffd71e.jpg,224,224,red spider,64,0,201,209
57_jpg.rf.fc5d8244e336f5850970d6a76377b41e.jpg,224,224,wheat phloeothrips,1,17,213,149
67_jpg.rf.f8a76f4542420868cbd33b3fe2a1a3c6.jpg,224,224,army worm,59,49,155,202
59258-jpg_jpg.rf.fe1cc8608f58bee475527eaa7b0df21b.jpg,224,224,rice leafhopper,91,18,196,122
59258-jpg_jpg.rf.fe1cc8608f58bee475527eaa7b0df21b.jpg,224,224,rice leafhopper,22,117,112,190
89_jpg.rf.fac1d6dc719e3a50261bf7459b761c27.jpg,224,224,army worm,47,92,187,187
300_jpg.rf.fe1fd19615f8389a9b4cacf5a0225bc5.jpg,224,224,legume blister beetle,76,78,133,130
82_jpg.rf.f8e0578c1a7a5dcd0f7398666f634a34.jpg,224,224,wheat phloeothrips,71,18,168,221
15_jpg.rf.f77d68222ccdd0ff7a6144ea97463d3d.jpg,224,224,rice leaf roller,19,28,199,197
58_jpg.rf.f9ae22610629b08426323f7adcb3c659.jpg,224,224,rice gall midge,0,13,221,223
59931-jpg_jpg.rf.fea290b053f846ebf435d81887a4d02f.jpg,224,224,rice leafhopper,61,63,154,191
49_jpg.rf.fd711cb7ccdf618bdebe3616acb41205.jpg,224,224,wheat phloeothrips,39,55,173,180
209_jpg.rf.fe99e271099b3220417018cd963f058c.jpg,224,224,legume blister beetle,64,72,152,166
4_jpg.rf.ff8a3414c4a86c6f350fd76328ccb080.jpg,224,224,rice gall midge,30,53,117,185
59911-jpg_jpg.rf.f6a683a80c3208f3f7243644080ed951.jpg,224,224,rice leafhopper,27,57,188,178
59_jpg.rf.fd23b5a1f9770b2de15487705ea09c4a.jpg,224,224,yellow rice borer,26,47,61,208
178_jpg.rf.feb437b930d6fd1251c03016ae9f18e3.jpg,224,224,red spider,4,59,216,161
1_jpg.rf.fdca0c763d2d8dfb713d9a559ff836a0.jpg,224,224,wheat phloeothrips,108,37,185,195
79_jpg.rf.fc1d202848c176c06085c46b54a2d721.jpg,224,224,yellow rice borer,60,6,137,197
29_jpg.rf.f91cf7a7d25c68feaf5e31535816e9f3.jpg,224,224,rice gall midge,33,8,200,152
168_jpg.rf.92c012baa9b8b501e9661b890a2ad910.jpg,224,224,white backed plant hopper,56,41,169,192
65_jpg.rf.92f385d9630f560fe9abaf76f15b7283.jpg,224,224,wheat phloeothrips,3,69,221,171
59_jpg.rf.9326010681a37ad6ec093434a4004c33.jpg,224,224,wheat phloeothrips,0,12,223,222
191_jpg.rf.93b63f00403e8d3f474f8080192369a3.jpg,224,224,rice water weevil,16,22,205,175
105_jpg.rf.93d99dba24e81aceb9791a5a244a12fc.jpg,224,224,rice water weevil,12,28,212,194
99_jpg.rf.9431ec058624bb2bae60b7ad29d48d08.jpg,224,224,red spider,43,67,187,175
146_jpg.rf.9445713dd10b96a30098dec0c7c61472.jpg,224,224,army worm,7,86,177,137
9_jpg.rf.94a97cf2c5ee058f4634547527a15e0d.jpg,224,224,yellow rice borer,137,2,210,109
59417-jpg_jpg.rf.9501eed2ab797db786123e08becbafc0.jpg,224,224,rice leafhopper,22,34,197,177
26_jpg.rf.9531cc4848b80b8ad0449dc3fa1e0717.jpg,224,224,wheat phloeothrips,43,53,186,179
37_jpg.rf.95703a90225a8afcdf68590fedd37c0e.jpg,224,224,rice gall midge,1,21,210,183
179_jpg.rf.957260edb9be2072d8851bb2918a8388.jpg,224,224,red spider,71,66,139,175
117_jpg.rf.9634af30a565395c212da1e9471a920c.jpg,224,224,rice leaf roller,19,29,205,207
59502-jpg_jpg.rf.9652189af5544e2e0778485a3ec5c8a7.jpg,224,224,rice leafhopper,75,55,175,162
92_jpg.rf.95c347a892b8c3aa3c41b5caba1be3de.jpg,224,224,yellow rice borer,70,18,149,146
43_jpg.rf.975a76aebf916cf2e1f165ed8901a35f.jpg,224,224,rice leaf roller,56,55,201,213
184_jpg.rf.9737c0e496c624a5e160924a917695e2.jpg,224,224,rice water weevil,24,30,168,161
163_jpg.rf.9771a46dd17f2fe13b3e00785b165d57.jpg,224,224,red spider,121,30,198,140
86_jpg.rf.9788e72b51bfc3395ae48bf3b82cfde5.jpg,224,224,rice leaf roller,30,56,103,138
250_jpg.rf.9776ab7bc1cd8e2cf66b0cd1e957884f.jpg,224,224,legume blister beetle,86,38,179,171
39_jpg.rf.9850bea8c508938a01ad3e1b96cdc290.jpg,224,224,rice leaf roller,12,13,216,208
68_jpg.rf.979fea911c2185ca2dbaeb6744d9dc2a.jpg,224,224,wheat phloeothrips,1,4,221,223
88_jpg.rf.9892870e3b7efd171189b02a8ff98ee4.jpg,224,224,wheat phloeothrips,1,7,220,222
99_jpg.rf.9881d9794f4e2ca2bdc8c82678cafcbc.jpg,224,224,wheat phloeothrips,10,0,221,222
84_jpg.rf.989033e2a52ccc932812470f8ea8228d.jpg,224,224,rice water weevil,33,7,194,136
50_jpg.rf.99dd4ccc2aa2df2b8d87f6085be2e02c.jpg,224,224,rice leaf roller,45,37,125,129
95_jpg.rf.99008dd60c8f10f6065f853aaec268fc.jpg,224,224,yellow rice borer,48,0,129,221
10_jpg.rf.9d000474c4332ecb111194892467dc43.jpg,224,224,wheat phloeothrips,5,28,216,164
16_jpg.rf.995b7a0666891af09f3c7d33df0df75b.jpg,224,224,wheat phloeothrips,23,4,222,192
35_jpg.rf.99c75a1c7fe8f7f3220e440da8f708ed.jpg,224,224,white backed plant hopper,44,30,190,173
127_jpg.rf.9c1527147032abf74226126e44a951a2.jpg,224,224,white backed plant hopper,19,4,177,221
72_jpg.rf.9a93b5dc5835ac221fb2d01247c8e6d0.jpg,224,224,red spider,31,46,168,167
43_jpg.rf.9ced015106bd2a8bb289bac0a76a8a87.jpg,224,224,white backed plant hopper,0,12,221,207
206_jpg.rf.9c29360311405c88496fa82b077768f9.jpg,224,224,legume blister beetle,58,60,169,143
15_jpg.rf.9e9fd9b66b0581359cd89af1123e6095.jpg,224,224,red spider,39,16,176,179
25_jpg.rf.9c46e7d8cffdd4e5d821e2ec75bbd0af.jpg,224,224,yellow rice borer,75,5,162,147
261_jpg.rf.9f6cd8c445e23742abc3ad36746e2363.jpg,224,224,legume blister beetle,59,74,192,194
280_jpg.rf.9894e842cfb5198e3c9d3afc4889872a.jpg,224,224,legume blister beetle,2,13,132,216
28_jpg.rf.9fa8e95e9dbed51efcabe0ca7f0aa5fe.jpg,224,224,rice leaf roller,51,59,159,147
70_jpg.rf.9cff29535e61f61b7c083852dba4e37e.jpg,224,224,wheat phloeothrips,5,83,218,201
47_jpg.rf.9a1301de6bfabc845a4d57881958db7d.jpg,224,224,yellow rice borer,10,82,205,182
59761-jpg_jpg.rf.9a932df1943c079e7942ca087c847f0f.jpg,224,224,rice leafhopper,66,34,193,133
83_jpg.rf.9f35b22461354bec5c2c790e748e6e3d.jpg,224,224,rice water weevil,25,6,205,203
19_jpg.rf.9cc7daca9c5b7fa64067817ca639a113.jpg,224,224,rice leaf roller,37,48,206,173
59401-jpg_jpg.rf.9f8a0e4b8f6985320325e5c2f36ae1c6.jpg,224,224,rice leafhopper,75,13,217,223
55_jpg.rf.a07c99aff33a246ac0d19fed4ab53c6e.jpg,224,224,rice gall midge,5,9,134,169
15_jpg.rf.a2b6a2d7138f6d425689052abe5f1b9c.jpg,224,224,wheat phloeothrips,6,18,208,164
166_jpg.rf.a28fce595d5a2ddee5f88d9730f3b993.jpg,224,224,army worm,47,32,136,218
64_jpg.rf.a0946d4e1862ca947b33235c56ba95a5.jpg,224,224,army worm,32,60,121,147
52_jpg.rf.a18f0fdb8ffba26364f294d68e89077d.jpg,224,224,white backed plant hopper,22,42,178,164
59475-jpg_jpg.rf.9bde51f1e57fe81d1201485065a7f970.jpg,224,224,rice leafhopper,39,54,185,143
18_jpg.rf.a782bc6bd133ba9154133dab4af2578f.jpg,224,224,white backed plant hopper,28,26,178,171
84_jpg.rf.a592d1844da36037e6f93e83aa46574c.jpg,224,224,yellow rice borer,28,0,213,217
115_jpg.rf.a3f557328ca7c7a0505fa8007a16ca0c.jpg,224,224,rice gall midge,80,42,210,152
71_jpg.rf.a1a4d750644e10c5928078c23a8ba8c8.jpg,224,224,wheat phloeothrips,39,44,136,161
108_jpg.rf.a68770d273d1e09c0282393854de287e.jpg,224,224,rice water weevil,25,6,188,218
59796-jpg_jpg.rf.a5527274580670f2303564950ea323e2.jpg,224,224,rice leafhopper,47,42,200,190
93_jpg.rf.a82c9514bc594d75e5d63695382d6d52.jpg,224,224,wheat phloeothrips,64,30,144,168
96_jpg.rf.a7e3bdaa18129d5d5f0fa2013695a288.jpg,224,224,red spider,67,81,151,146
33_jpg.rf.a7fe8e424de8e6a323c5ff108d1d9988.jpg,224,224,army worm,22,82,200,154
78_jpg.rf.a597152822b1d7bbcefca24249a7a423.jpg,224,224,rice leaf roller,73,70,146,136
108_jpg.rf.a44c0adb763a81019eb77f26d8c0b647.jpg,224,224,rice gall midge,2,21,109,188
81_jpg.rf.a9eecf4d01f10fc800c03837333c349f.jpg,224,224,rice water weevil,73,28,149,207
6_jpg.rf.aa0185fe2fd2bb6ed641dc299bb40454.jpg,224,224,yellow rice borer,2,12,222,194
47_jpg.rf.a313907937ef9ccae8630d782b8d5c78.jpg,224,224,rice water weevil,51,34,149,177
78_jpg.rf.a8763c6745b19330f73f03315e67bbb5.jpg,224,224,yellow rice borer,53,18,132,189
47_jpg.rf.a98f021a9859c8cba46c79fadcf2a0fd.jpg,224,224,rice leaf roller,21,25,204,154
59549-jpg_jpg.rf.aad4d1d7f1cfb361ba0f85ce0b31bd29.jpg,224,224,rice leafhopper,84,40,139,138
262_jpg.rf.ab677ce7f2cf4a275d8f9a6114fbcb3c.jpg,224,224,legume blister beetle,126,112,221,221
194_jpg.rf.aac101ed9ac6edcf9d0859cc4235eaf9.jpg,224,224,red spider,54,36,121,109
85_jpg.rf.ac40a22eaa376cc8051fca54ec194045.jpg,224,224,rice leaf roller,84,56,202,190
28_jpg.rf.ac160943f9fbb6b0db2da4f1178f51ea.jpg,224,224,army worm,50,20,152,156
78_jpg.rf.ab97af970e10faec0d22a6e50dd8dda5.jpg,224,224,rice water weevil,48,32,179,171
59560-jpg_jpg.rf.abce0fd03469c5cb36707f1863e914b7.jpg,224,224,rice leafhopper,34,35,204,189
29_jpg.rf.adcc8415762c86f8f0875538a3d7257f.jpg,224,224,army worm,31,17,201,206
108_jpg.rf.ac78b4ffe713aa07ac3953893b074bd6.jpg,224,224,red spider,54,20,149,172
35_jpg.rf.aeee7ee0d6b2d707c72074bdc8b80c7f.jpg,224,224,yellow rice borer,82,14,154,157
266_jpg.rf.ad2aa000b0eed70bbe627667525f0319.jpg,224,224,legume blister beetle,74,65,127,195
197_jpg.rf.b0747c01bbefd26222ff462b47557b1e.jpg,224,224,rice water weevil,56,34,167,162
207_jpg.rf.ae9cc8ca98b0abf2152495195c023a95.jpg,224,224,rice water weevil,87,87,130,166
54_jpg.rf.b15d5904adadc09f383991a3dee3ce92.jpg,224,224,army worm,11,35,209,148
265_jpg.rf.b138c29db1c1db45891ce16b9767c02a.jpg,224,224,legume blister beetle,61,33,142,212
59231-jpg_jpg.rf.b15562aba806054dca3e62689afb8575.jpg,224,224,rice leafhopper,9,60,108,141
26_jpg.rf.b07aa46cba4c0041310910afcc65bb2c.jpg,224,224,yellow rice borer,2,15,222,194
297_jpg.rf.b176023b7f028e8955561be94073d5df.jpg,224,224,legume blister beetle,85,29,180,206
199_jpg.rf.b25b3e8ebf10e0b8a703a70f3c0c5d61.jpg,224,224,rice water weevil,58,71,147,140
16_jpg.rf.b1ae207c38a8c83918af9950be546ab7.jpg,224,224,rice gall midge,56,11,171,200
2_jpg.rf.a6a20a5c5e2953c77f5b41bf75a1d7d5.jpg,224,224,yellow rice borer,76,6,146,156
279_jpg.rf.b2003fad9e4827b17878409ddf43973d.jpg,224,224,legume blister beetle,59,42,161,124
5_jpg.rf.b1e3160174d44ad420dfcfc199f6c5b3.jpg,224,224,rice gall midge,46,17,177,191
90_jpg.rf.b582ac3ac037919ea04f8847ed4a53d4.jpg,224,224,wheat phloeothrips,80,30,142,222
80_jpg.rf.b26a537bca6f68697c23660fd1b2aa3a.jpg,224,224,rice water weevil,45,70,173,178
174_jpg.rf.b6106c7d3f34b10cd6ad7a7556685b5f.jpg,224,224,red spider,89,89,137,149
59833-jpg_jpg.rf.b423b03e7f23f2e957b615c87f0d1fad.jpg,224,224,rice leafhopper,16,61,198,197
40_jpg.rf.b4dfec4039ab467e5d5c9e69420e3b13.jpg,224,224,army worm,51,79,173,126
295_jpg.rf.b0cfdf4d72a5614df27eb008149b859c.jpg,224,224,legume blister beetle,11,55,161,164
92_jpg.rf.b5450dc5f14c6c95699fb88f58854e09.jpg,224,224,army worm,33,40,188,171
140_jpg.rf.b2d52d9c513f008e26a4cc7a98eaacf9.jpg,224,224,rice water weevil,54,40,190,182
47_jpg.rf.b67dbf29928c3049828b48073f2eb70a.jpg,224,224,wheat phloeothrips,12,64,218,168
59_jpg.rf.b4fb9de87f42d48a822b0ee7349cdc0d.jpg,224,224,rice gall midge,60,17,128,169
59810-jpg_jpg.rf.b782bfe8efbfd7c10186616c405ae920.jpg,224,224,rice leafhopper,51,62,152,194
187_jpg.rf.b84e06fa86475ec9566df7aa421d7184.jpg,224,224,rice water weevil,42,48,174,164
144_jpg.rf.b686a1eca3b117e592937c5431173fb7.jpg,224,224,red spider,118,24,203,187
207_jpg.rf.b664ec1e4fa0ed8579b04d6070c3d0c6.jpg,224,224,legume blister beetle,48,82,140,213
74_jpg.rf.b6d616a6b6af2501af84b71a7210ae3f.jpg,224,224,wheat phloeothrips,45,90,209,176
45_jpg.rf.b778b1cc56f26c9c9a2a88ebc9501359.jpg,224,224,wheat phloeothrips,32,14,181,199
87_jpg.rf.b7b6e8fbd1fac261a8f0529deee149ed.jpg,224,224,white backed plant hopper,54,44,166,183
16_jpg.rf.b9d3f90cf5364fd2057512209d2a536b.jpg,224,224,yellow rice borer,53,4,154,218
107_jpg.rf.b84ef9904c8908967857a29fed850107.jpg,224,224,wheat phloeothrips,18,2,200,219
106_jpg.rf.b6dd8cd481b5985f1da1f68332b4e3e8.jpg,224,224,army worm,22,93,172,181
56_jpg.rf.b97c8c3f69626cd23ca829255c75f2af.jpg,224,224,yellow rice borer,20,13,211,212
20_jpg.rf.b8b0b205d6a35baacc07dceff5b0b928.jpg,224,224,rice gall midge,6,23,210,197
292_jpg.rf.ba47285a4740256612a54be84759bdc4.jpg,224,224,legume blister beetle,90,55,156,118
78_jpg.rf.b8f860b11ee2a5e862f1732d776138c0.jpg,224,224,wheat phloeothrips,56,13,156,204
59895-jpg_jpg.rf.bae87e4aacfe349219d200b47eff6e09.jpg,224,224,rice leafhopper,46,39,149,160
180_jpg.rf.bdd970515d8926653c145375292bf59c.jpg,224,224,rice water weevil,9,1,206,210
87_jpg.rf.ba531b5ba75a2795a641e50437711d78.jpg,224,224,rice water weevil,72,30,145,168
30_jpg.rf.ba845b9ebe37aedcd2f40f34f65d9c4b.jpg,224,224,white backed plant hopper,71,75,135,126
61_jpg.rf.bbf747d24c2243c7046c94ec1cd3c2ce.jpg,224,224,yellow rice borer,7,47,220,161
329_jpg.rf.bcffa8f80b7e97be1dd25b2ec1609602.jpg,224,224,legume blister beetle,15,48,215,166
128_jpg.rf.bf0b1050e18d2045cdb7dcc08b926de8.jpg,224,224,army worm,58,92,174,146
72_jpg.rf.bdf686772cd48eabae0f5108bb9a0585.jpg,224,224,rice leaf roller,82,29,223,206
183_jpg.rf.bfd2a3f3eb6c22135e3ce0c4f538ca6c.jpg,224,224,red spider,57,60,154,166
8_jpg.rf.c15d8576a98f0004ad10b6eb55e5a464.jpg,224,224,rice gall midge,2,1,198,223
117_jpg.rf.bf5af38f59286c302cc6bd97f808f6f2.jpg,224,224,rice gall midge,40,7,220,223
78_jpg.rf.c30d28814bd1f5ef1ea6dd71a0a95bab.jpg,224,224,red spider,67,42,144,167
34_jpg.rf.c4d65d16400a1c0e38075a8282132f71.jpg,224,224,rice leaf roller,88,70,205,204
87_jpg.rf.c188fbb2c49fca54adc7f5c8b209502d.jpg,224,224,yellow rice borer,37,42,128,180
101_jpg.rf.c5fb52e5931f6625efe036666c378248.jpg,224,224,yellow rice borer,79,71,146,139
99_jpg.rf.c4476d1a8dab8899709c50a50bb1c991.jpg,224,224,rice leaf roller,14,39,210,172
42_jpg.rf.c549b39082064f1b415ae2b3e5d76476.jpg,224,224,wheat phloeothrips,3,40,213,211
82_jpg.rf.c5058fbb11693219bb26adeabce0aa80.jpg,224,224,rice water weevil,10,26,208,198
17_jpg.rf.c5ee5501f8b8f00e22a374a38ad103cb.jpg,224,224,rice leaf roller,48,66,170,202
74_jpg.rf.c668743334e75fe16689fbc61646289b.jpg,224,224,yellow rice borer,64,21,139,192
63_jpg.rf.c56ffe452782a68d49c78efa82b7963d.jpg,224,224,rice leaf roller,23,13,198,154
71_jpg.rf.c7b5d716911a7912f90a69d8d6b3a540.jpg,224,224,rice gall midge,90,83,222,209
12_jpg.rf.c659118b91cf30c5e60d43e1b7ebc8ad.jpg,224,224,wheat phloeothrips,35,66,181,190
58_jpg.rf.c5b78fec8dcd7a5a0c8d59872dd1a22b.jpg,224,224,army worm,1,47,215,212
36_jpg.rf.c6b4d0d5f3f018e9f44a5fbd1754804a.jpg,224,224,wheat phloeothrips,9,46,222,190
1_jpg.rf.c7183271cdc5613a90be2c54177aa0f4.jpg,224,224,rice gall midge,49,27,163,188
139_jpg.rf.c85cf44d05df3f2b90e32d15881a084d.jpg,224,224,red spider,53,79,108,131
165_jpg.rf.c36e5f61b6ee6857e39249f3c0eac289.jpg,224,224,army worm,9,71,183,156
213_jpg.rf.c672a6ec77f074733c2ba0edbead2082.jpg,224,224,rice water weevil,53,25,140,190
33_jpg.rf.c5e2adf90f537d4884569afbbf83ec54.jpg,224,224,rice leaf roller,10,35,208,179
59758-jpg_jpg.rf.c7b303cff58e276963204bc21926d25c.jpg,224,224,rice leafhopper,43,56,149,198
193_jpg.rf.c8389b93d8a66da9eed0a91e3f6a75fe.jpg,224,224,legume blister beetle,31,56,205,184
37_jpg.rf.b06d9de87adaa134a5c800e10fc0a6b4.jpg,224,224,army worm,50,0,140,97
59693-jpg_jpg.rf.cabe85fffffcb029c947d366449afb35.jpg,224,224,rice leafhopper,38,60,170,170
13_jpg.rf.c69c54a1db94e09b70db4267c9315c36.jpg,224,224,rice gall midge,30,53,152,195
116_jpg.rf.c91a97f5a7428dc5c2dfaf9acb9dbab4.jpg,224,224,rice leaf roller,5,15,218,222
188_jpg.rf.c96c157a2cb4eae92c3930e8c19f5a6b.jpg,224,224,red spider,16,15,189,187
59463-jpg_jpg.rf.cc796fb1acdb06a6671a5065d9b76cd6.jpg,224,224,rice leafhopper,74,33,183,157
59440-jpg_jpg.rf.c98e76fd7439eda765f186a732670191.jpg,224,224,rice leafhopper,35,64,111,223
11_jpg.rf.cc6e25a0724bf027ebd5de804bc720c2.jpg,224,224,rice water weevil,13,10,73,190
11_jpg.rf.cc6e25a0724bf027ebd5de804bc720c2.jpg,224,224,rice water weevil,74,44,121,204
11_jpg.rf.cc6e25a0724bf027ebd5de804bc720c2.jpg,224,224,rice water weevil,123,71,176,210
11_jpg.rf.cc6e25a0724bf027ebd5de804bc720c2.jpg,224,224,rice water weevil,161,53,221,204
182_jpg.rf.cb086764125f8cee0c3c6cef965700db.jpg,224,224,red spider,15,27,196,167
71_jpg.rf.cb870de7cde5632e773cea282e519325.jpg,224,224,army worm,49,75,192,124
19_jpg.rf.c9171d9bf979635167221f6d8818eec4.jpg,224,224,wheat phloeothrips,5,28,209,166
50_jpg.rf.cd537eccc92f19ad13f175ec84f16031.jpg,224,224,yellow rice borer,25,42,101,209
2_jpg.rf.ccbf064c75ad6df31998e6be5e369708.jpg,224,224,red spider,42,83,86,145
169_jpg.rf.cd23183b26503276dfa80b13ba511124.jpg,224,224,legume blister beetle,51,75,220,176
108_jpg.rf.cc30e52788d403902144edf9dcb78f34.jpg,224,224,rice leaf roller,80,94,155,153
59223-jpg_jpg.rf.c67a21c600210d5f4f375d81ef1ac9ec.jpg,224,224,rice leafhopper,48,11,164,221
138_jpg.rf.cdb4852998c161c007d6434cdea35178.jpg,224,224,red spider,35,24,204,194
52_jpg.rf.ce718844ebda170f4a41282011d73b9f.jpg,224,224,rice water weevil,78,18,182,200
114_jpg.rf.cd02e822021d57887036efbc85301b86.jpg,224,224,army worm,5,100,219,154
8_jpg.rf.d045820c49a1d86092e80931a0dfee12.jpg,224,224,rice water weevil,56,98,152,178
313_jpg.rf.ce943ab708d580f106d7283bd148bbd6.jpg,224,224,legume blister beetle,53,25,184,130
61_jpg.rf.d0e6591ca93acbc706da55282327c345.jpg,224,224,army worm,14,66,189,188
69_jpg.rf.cc6b5402d22c9232a21482b0ff6d3a1e.jpg,224,224,yellow rice borer,22,9,75,212
62_jpg.rf.d31bbee0826eb3af5578ee8fb8cfda9c.jpg,224,224,rice water weevil,9,3,198,192
35_jpg.rf.cd911f479ade191c5d9fe1f7599a7568.jpg,224,224,rice gall midge,16,0,192,209
21_jpg.rf.d32f4c8d11edb751455169ef737e95be.jpg,224,224,white backed plant hopper,58,0,185,223
180_jpg.rf.cdefda043c5b25230998f77fec61d22f.jpg,224,224,white backed plant hopper,10,33,197,196
101_jpg.rf.d25951c57795949ff676cd63126b43b9.jpg,224,224,wheat phloeothrips,0,87,221,201
127_jpg.rf.d3df4c618842b30ed9be8e959a5dd45c.jpg,224,224,army worm,37,18,205,187
110_jpg.rf.d16b5623793909e5dd92d605d3e0c7ef.jpg,224,224,wheat phloeothrips,6,1,211,222
133_jpg.rf.cd793ff4b828bfce6986e4f7605a1152.jpg,224,224,white backed plant hopper,55,47,152,168
52_jpg.rf.d378eb2685e92c515896d20c83cf40f7.jpg,224,224,army worm,55,44,182,201
100_jpg.rf.d5698f5842598b827ae365976a3d8c50.jpg,224,224,wheat phloeothrips,0,51,223,182
51_jpg.rf.d11e8c687f1fae7f3701f36a5806d461.jpg,224,224,wheat phloeothrips,69,78,142,138
17_jpg.rf.d509e3fe6f22c460b3b53df482f03f5e.jpg,224,224,wheat phloeothrips,66,59,156,156
90_jpg.rf.d3c57757a968cb748aade4c0ec656dc6.jpg,224,224,red spider,70,40,171,136
163_jpg.rf.d6f1a6b96d1dfe64d993d29944e10000.jpg,224,224,army worm,66,30,140,200
109_jpg.rf.d4f0c45df05a266eb3db8851607bb354.jpg,224,224,wheat phloeothrips,20,0,194,222
308_jpg.rf.d3bed5c3eaec37c41bf2a69ccaf6087f.jpg,224,224,legume blister beetle,45,23,104,211
110_jpg.rf.d3e669a4a926e8ee977a8d8634671548.jpg,224,224,red spider,49,52,182,167
24_jpg.rf.d5e65b69e4e05c353c04ed846d78e353.jpg,224,224,wheat phloeothrips,37,19,178,194
88_jpg.rf.d5a924e9419ac17b25e907282c5af3e0.jpg,224,224,yellow rice borer,63,41,147,190
145_jpg.rf.d8397d653c4ff520a1cece0d10082c71.jpg,224,224,white backed plant hopper,41,1,191,221
154_jpg.rf.d6097fa0c16c32bb1c75f26c97d3b6a2.jpg,224,224,legume blister beetle,88,95,140,146
307_jpg.rf.d2484081893a2926d64979900fbbf5aa.jpg,224,224,legume blister beetle,81,126,173,200
115_jpg.rf.d830e61d8c45d6282342964df95806c3.jpg,224,224,army worm,23,16,180,208
66_jpg.rf.d8dafbb81d36a038504aff0bf09ac3a9.jpg,224,224,rice gall midge,53,39,126,211
143_jpg.rf.df1d7ae799f8f69792abae9b04d05029.jpg,224,224,white backed plant hopper,55,36,220,190
103_jpg.rf.daa15608296bed3ff2a4eaedb90e9b3f.jpg,224,224,wheat phloeothrips,44,9,218,202
274_jpg.rf.da163265755beda5d577aa8e5fffeb26.jpg,224,224,legume blister beetle,49,41,197,143
28_jpg.rf.da3a3c8e40f45b3cd22984b5ef1eefbc.jpg,224,224,white backed plant hopper,46,40,222,212
187_jpg.rf.df637ea17f28d67ddef9e7b75a3c52ec.jpg,224,224,red spider,76,117,103,146
164_jpg.rf.dfdd8fd1bd35fdd72e94c6b7b8fc5104.jpg,224,224,legume blister beetle,35,68,144,198
12_jpg.rf.df117585c328c2cd01b978feccee989f.jpg,224,224,red spider,22,14,202,163
81_jpg.rf.dfb46c0dcd0880785dc1d07353c8e948.jpg,224,224,red spider,85,83,124,134
43_jpg.rf.de992e5d83854d4b8357ce3a44fc9924.jpg,224,224,rice water weevil,55,96,161,166
117_jpg.rf.df77cd5b28bf1a0e18d0b5a4c180dffd.jpg,224,224,white backed plant hopper,23,42,192,176
59358-jpg_jpg.rf.db5f31c28e3cf2d33ecff390554d931d.jpg,224,224,rice leafhopper,36,68,130,140
200_jpg.rf.dcb882e514ffd9727295346eb7bae28d.jpg,224,224,rice water weevil,89,59,144,139
102_jpg.rf.e1670161681e8e366a9411b93e4f2180.jpg,224,224,rice water weevil,97,22,180,187
59431-jpg_jpg.rf.dfdd5bd7d49b9be7d9ffb51ade733bdf.jpg,224,224,rice leafhopper,40,28,164,207
137_jpg.rf.e19000c4df9505d894f3e0cad2abf754.jpg,224,224,red spider,47,48,109,120
59789-jpg_jpg.rf.dfec16e53e60180208d4410066c5ebdc.jpg,224,224,rice leafhopper,68,85,159,146
149_jpg.rf.e1a40738e457c28c37a2f44217532b9b.jpg,224,224,white backed plant hopper,55,51,207,198
75_jpg.rf.e26f435365dd5bce2f8dd07dd0ec2079.jpg,224,224,rice leaf roller,110,11,223,199
86_jpg.rf.e24614b26fa297da359dee0799085980.jpg,224,224,white backed plant hopper,23,0,177,222
311_jpg.rf.e2b4e40ed245deea1461819f0330012a.jpg,224,224,legume blister beetle,57,110,223,199
108_jpg.rf.e356d681e2f00b072b3f5513ab8b3ae3.jpg,224,224,wheat phloeothrips,28,20,180,199
325_jpg.rf.e10e0e59eefa3aab9f6ef7dc3f64595f.jpg,224,224,legume blister beetle,109,83,165,187
109_jpg.rf.e3b8689c0daefa70f2543e44c97bd5ca.jpg,224,224,army worm,40,23,182,186
17_jpg.rf.e3dfcea268b79bf73589ba3835b59963.jpg,224,224,rice gall midge,20,13,206,222
100_jpg.rf.e548c7c057beae16808c6d49e437cec1.jpg,224,224,rice leaf roller,1,12,219,199
98_jpg.rf.e49f939261064c10cfe6d9d08ef0f752.jpg,224,224,rice gall midge,28,30,120,177
59328-jpg_jpg.rf.e4d25e9c0be1f44631eb82d180e01c62.jpg,224,224,rice leafhopper,83,78,164,157
59328-jpg_jpg.rf.e4d25e9c0be1f44631eb82d180e01c62.jpg,224,224,rice leafhopper,0,99,58,107
188_jpg.rf.e43557218ced9e61543ced0cb369ff2a.jpg,224,224,legume blister beetle,43,58,122,121
105_jpg.rf.e3726dd6bea3d9564986d83af1f68d07.jpg,224,224,rice gall midge,26,6,223,223
190_jpg.rf.e682f2869276185e7aa3f260c3fec64f.jpg,224,224,rice water weevil,68,91,166,175
8_jpg.rf.e24594c8cb9613c0d16d16859857be48.jpg,224,224,yellow rice borer,12,13,91,190
93_jpg.rf.e6e2ea56db5b84f46a448c17a93545b6.jpg,224,224,red spider,68,56,154,177
42_jpg.rf.e5ceb3cd711b0f190e123e0cb4c71bc6.jpg,224,224,rice leaf roller,14,37,200,191
174_jpg.rf.e95d0efc904750e567a9252ba6c2c020.jpg,224,224,rice water weevil,35,44,174,150
76_jpg.rf.e780261c5dfee38dddc7fce37634c22f.jpg,224,224,rice water weevil,42,28,177,178
51_jpg.rf.e87006308cc8d0d4399a543d9e9bf550.jpg,224,224,yellow rice borer,59,0,144,218
89_jpg.rf.ea0c320c11e468a77619d6425c8b3d22.jpg,224,224,red spider,18,42,184,136
104_jpg.rf.ea820304070dbab61934566879109aa3.jpg,224,224,army worm,27,84,187,146
13_jpg.rf.e5eed83a6ac6aa06185e40896187536a.jpg,224,224,red spider,33,45,113,119
205_jpg.rf.eb989f7490986375cac6ab0aa4bdaa95.jpg,224,224,legume blister beetle,98,18,200,88
98_jpg.rf.e75f856a5c4b103d59a66ab9e3e64635.jpg,224,224,army worm,12,26,212,218
114_jpg.rf.e99f253ceb3081890c8b16eda0d1c999.jpg,224,224,rice leaf roller,44,36,190,180
164_jpg.rf.e73762995d9ce16b84d61f82935efa37.jpg,224,224,rice gall midge,43,7,190,202
56_jpg.rf.ea5bae698875bdd0cdc0e79802a5cca7.jpg,224,224,rice leaf roller,10,42,218,193
107_jpg.rf.ea89ff373af16baf3b807205b00f1738.jpg,224,224,rice gall midge,28,38,92,188
73_jpg.rf.ec6457f66a046b81ebaf7d895f08fd0b.jpg,224,224,rice leaf roller,73,77,152,149
263_jpg.rf.eb50638abbe5da6e1198c33ed3392325.jpg,224,224,legume blister beetle,105,80,163,177
42_jpg.rf.ed1543b14acb2e5eea0e6918f070f5b7.jpg,224,224,yellow rice borer,37,80,187,156
99_jpg.rf.e5461ff1e4f56e08e2fd3e093bc0aab3.jpg,224,224,army worm,12,32,214,175
53_jpg.rf.ee58e8dd718ef8cd379344b99ff5360b.jpg,224,224,wheat phloeothrips,9,68,218,173
59665-jpg_jpg.rf.eda925307cf9c5b8cd283b129d86d461.jpg,224,224,rice leafhopper,15,30,207,183
16_jpg.rf.ee3a9fec291bb266e0260136352ed943.jpg,224,224,white backed plant hopper,75,75,167,160
31_jpg.rf.ed1e6fee58a83964499d59fdf430240b.jpg,224,224,army worm,56,1,171,182
177_jpg.rf.eeb5ae066abd1c64521e0be9f8a89049.jpg,224,224,white backed plant hopper,52,39,171,204
100_jpg.rf.ed38c41272c9540fb683e5f11e0df059.jpg,224,224,red spider,45,18,174,129
70_jpg.rf.ede0ec276767f058204c36f006e7e2ba.jpg,224,224,army worm,12,70,188,129
76_jpg.rf.eda252c3d4a8c99760c672d3c479b76d.jpg,224,224,yellow rice borer,74,0,187,166